Session: sonuclar23082025;;;;;;;;;;;;;;;;;;;;;;;;;;;;;;;;;;;;;;;;;
Training Data: T    Observations: 34560;;;;;;;;;;;;;;;;;;;;;;;;;;;;;;;;;;;;;;;;;
Predictors: 42    Predictor Names: L_feat_mean; L_feat_std; L_feat_var; L_feat_median; L_feat_mad; L_feat_min; L_feat_max; L_feat_ptp; L_feat_rms; L_feat_energy; L_feat_slope; L_feat_skew; L_feat_kurt; L_feat_ac1; L_feat_ac2; L_feat_spec_centroid; L_feat_spec_spread; L_feat_spec_entropy; L_feat_dom_freq_bin; L_feat_dom_power; L_feat_rolloff85_bin; A_feat_mean; A_feat_std; A_feat_var; A_feat_median; A_feat_mad; A_feat_min; A_feat_max; A_feat_ptp; A_feat_rms; A_feat_energy; A_feat_slope; A_feat_skew; A_feat_kurt; A_feat_ac1; A_feat_ac2; A_feat_spec_centroid; A_feat_spec_spread; A_feat_spec_entropy; A_feat_dom_freq_bin; A_feat_dom_power; A_feat_rolloff85_bin
Response Name: label    Response Classes: 4    Response Class Names: 1;2;3;4;;;;;;;;;;;;;;;;;;;;;;;;;;;;;;;;;;;;;;
Validation: 5-fold cross-validation;;;;;;;;;;;;;;;;;;;;;;;;;;;;;;;;;;;;;;;;;
Test Data: T    Observations: 8640;;;;;;;;;;;;;;;;;;;;;;;;;;;;;;;;;;;;;;;;;
;;;;;;;;;;;;;;;;;;;;;;;;;;;;;;;;;;;;;;;;;
;;;;;;;;;;;;;;;;;;;;;;;;;;;;;;;;;;;;;;;;;
Model Number;Model Type;Preset;Accuracy % (Validation);Total Cost (Validation);Accuracy % (Test);Total Cost (Test);Error Rate % (Validation);Macro Precision % (Validation);Micro Precision % (Validation);Weighted Precision % (Validation);Macro Recall % (Validation);Micro Recall % (Validation);Weighted Recall % (Validation);Macro F1 Score % (Validation);Micro F1 Score % (Validation);Weighted F1 Score % (Validation);Error Rate % (Test);Macro Precision % (Test);Micro Precision % (Test);Weighted Precision % (Test);Macro Recall % (Test);Micro Recall % (Test);Weighted Recall % (Test);Macro F1 Score % (Test);Micro F1 Score % (Test);Weighted F1 Score % (Test);Prediction Speed (obs/sec);Training Time (sec);Model Size (bytes);Hyperparameters;;;;;;;;;;;
2,1;Tree;Fine Tree;99,92;26;99,81;16;0,08;99,92;99,92;99,92;99,92;99,92;99,92;99,92;99,92;99,92;0,19;99,81;99,81;99,81;99,81;99,81;99,81;99,81;99,81;99,81;199460,372;8,06;32005;Maximum number of splits: 100;;;;;;;;;;;
2,2;Tree;Medium Tree;78,41;7460;78,72;1839;21,59;80,16;78,41;80,16;78,41;78,41;78,41;78,26;78,41;78,26;21,28;81,12;78,72;81,12;78,72;78,72;78,72;78,33;78,72;78,33;215682,9461;6,50;16173;Maximum number of splits: 20;;;;;;;;;;;
2,3;Tree;Coarse Tree;49,16;17572;49,95;4324;50,84;52,54;49,16;52,54;49,16;49,16;49,16;48,55;49,16;48,55;50,05;51,67;49,95;51,67;49,95;49,95;49,95;48,66;49,95;48,66;201316,362;4,24;10621;Maximum number of splits: 4;;;;;;;;;;;
4,1;Efficient Logistic Regression;Efficient Logistic Regression;25,00;25920;25,00;6480;75,00;NaN;25,00;NaN;25,00;25,00;25,00;10,00;25,00;10,00;75,00;NaN;25,00;NaN;25,00;25,00;25,00;10,00;25,00;10,00;156643,1944;227,79;108592;Learner: Logistic regression;;;;;;;;;;;
5,1;Naive Bayes;Gaussian Naive Bayes;38,20;21358;38,46;5317;61,80;42,33;38,20;42,33;38,20;38,20;38,20;34,41;38,20;34,41;61,54;42,10;38,46;42,10;38,46;38,46;38,46;34,72;38,46;34,72;116141,5987;9,87;37778;Distribution name for numeric predictors: Gaussian;;;;;;;;;;;
5,2;Naive Bayes;Kernel Naive Bayes;69,09;10683;71,66;2449;30,91;72,42;69,09;72,42;69,09;69,09;69,09;68,95;69,09;68,95;28,34;74,51;71,66;74,51;71,66;71,66;71,66;71,63;71,66;71,63;65,91228332;2186,66;46773362;Distribution name for numeric predictors: Kernel;;;;;;;;;;;
6,1;SVM;Linear SVM;71,59;9818;72,01;2418;28,41;71,60;71,59;71,60;71,59;71,59;71,59;71,52;71,59;71,52;27,99;72,07;72,01;72,07;72,01;72,01;72,01;71,96;72,01;71,96;136027,6464;716,03;74522;Kernel function: Linear;;;;;;;;;;;
6,2;SVM;Quadratic SVM;99,79;73;99,73;23;0,21;99,79;99,79;99,79;99,79;99,79;99,79;99,79;99,79;99,79;0,27;99,73;99,73;99,73;99,73;99,73;99,73;99,73;99,73;99,73;46834,80216;476,87;896234;Kernel function: Quadratic;;;;;;;;;;;
6,3;SVM;Cubic SVM;99,89;39;99,81;16;0,11;99,89;99,89;99,89;99,89;99,89;99,89;99,89;99,89;99,89;0,19;99,82;99,81;99,82;99,81;99,81;99,81;99,81;99,81;99,81;105060,7611;228,82;409770;Kernel function: Cubic;;;;;;;;;;;
6,4;SVM;Fine Gaussian SVM;99,81;64;99,65;30;0,19;99,81;99,81;99,81;99,81;99,81;99,81;99,81;99,81;99,81;0,35;99,65;99,65;99,65;99,65;99,65;99,65;99,65;99,65;99,65;7101,948283;1857,39;1785362;Kernel function: Gaussian;;;;;;;;;;;
6,5;SVM;Medium Gaussian SVM;97,87;735;98,65;117;2,13;97,89;97,87;97,89;97,87;97,87;97,87;97,86;97,87;97,86;1,35;98,65;98,65;98,65;98,65;98,65;98,65;98,64;98,65;98,64;2550,183795;463,74;5001234;Kernel function: Gaussian;;;;;;;;;;;
6,6;SVM;Coarse Gaussian SVM;71,16;9966;74,05;2242;28,84;71,13;71,16;71,13;71,16;71,16;71,16;71,13;71,16;71,13;25,95;74,01;74,05;74,01;74,05;74,05;74,05;74,02;74,05;74,02;802,9781586;2022,63;18992882;Kernel function: Gaussian;;;;;;;;;;;
9,1;KNN;Fine KNN;99,82;63;99,73;23;0,18;99,82;99,82;99,82;99,82;99,82;99,82;99,82;99,82;99,82;0,27;99,73;99,73;99,73;99,73;99,73;99,73;99,73;99,73;99,73;1444,463108;2020,55;12451466;Number of neighbors: 1;;;;;;;;;;;
9,2;KNN;Medium KNN;99,66;116;99,68;28;0,34;99,66;99,66;99,66;99,66;99,66;99,66;99,66;99,66;99,66;0,32;99,68;99,68;99,68;99,68;99,68;99,68;99,68;99,68;99,68;1107,970263;2019,08;12451466;Number of neighbors: 10;;;;;;;;;;;
9,3;KNN;Coarse KNN;97,77;771;98,63;118;2,23;97,77;97,77;97,77;97,77;97,77;97,77;97,77;97,77;97,77;1,37;98,63;98,63;98,63;98,63;98,63;98,63;98,63;98,63;98,63;1331,386489;2018,03;12451466;Number of neighbors: 100;;;;;;;;;;;
9,4;KNN;Cosine KNN;99,69;107;99,71;25;0,31;99,69;99,69;99,69;99,69;99,69;99,69;99,69;99,69;99,69;0,29;99,71;99,71;99,71;99,71;99,71;99,71;99,71;99,71;99,71;1409,259821;2016,72;12451454;Number of neighbors: 10;;;;;;;;;;;
9,5;KNN;Cubic KNN;99,48;178;99,48;45;0,52;99,48;99,48;99,48;99,48;99,48;99,48;99,48;99,48;99,48;0,52;99,48;99,48;99,48;99,48;99,48;99,48;99,48;99,48;99,48;225,7299149;2015,70;12451482;Number of neighbors: 10;;;;;;;;;;;
9,6;KNN;Weighted KNN;99,75;88;99,73;23;0,25;99,75;99,75;99,75;99,75;99,75;99,75;99,75;99,75;99,75;0,27;99,73;99,73;99,73;99,73;99,73;99,73;99,73;99,73;99,73;1106,191589;2014,63;12451484;Number of neighbors: 10;;;;;;;;;;;
10,1;Kernel;SVM Kernel;99,77;78;99,66;29;0,23;99,77;99,77;99,77;99,77;99,77;99,77;99,77;99,77;99,77;0,34;99,67;99,66;99,67;99,66;99,66;99,66;99,66;99,66;99,66;2679,665526;1822,93;193052;Learner: SVM;;;;;;;;;;;
10,2;Kernel;Logistic Regression Kernel;99,05;330;99,34;57;0,95;99,05;99,05;99,05;99,05;99,05;99,05;99,04;99,05;99,04;0,66;99,34;99,34;99,34;99,34;99,34;99,34;99,34;99,34;99,34;2507,491293;1630,32;193304;Learner: Logistic Regression;;;;;;;;;;;
11,1;Ensemble;Boosted Trees;99,70;104;99,92;7;0,30;99,70;99,70;99,70;99,70;99,70;99,70;99,70;99,70;99,70;0,08;99,92;99,92;99,92;99,92;99,92;99,92;99,92;99,92;99,92;31365,62159;1627,50;483942;Ensemble method: AdaBoost;;;;;;;;;;;
11,2;Ensemble;Bagged Trees;99,98;7;99,91;8;0,02;99,98;99,98;99,98;99,98;99,98;99,98;99,98;99,98;99,98;0,09;99,91;99,91;99,91;99,91;99,91;99,91;99,91;99,91;99,91;35573,27266;1626,26;958358;Ensemble method: Bag;;;;;;;;;;;
11,3;Ensemble;Subspace Discriminant;64,25;12356;64,05;3106;35,75;64,21;64,25;64,21;64,25;64,25;64,25;64,21;64,25;64,21;35,95;63,96;64,05;63,96;64,05;64,05;64,05;63,97;64,05;63,97;7054,035113;1371,97;482548;Ensemble method: Subspace;;;;;;;;;;;
11,4;Ensemble;Subspace KNN;68,36;10934;73,70;2272;31,64;68,47;68,36;68,47;68,36;68,36;68,36;68,41;68,36;68,41;26,30;73,69;73,70;73,69;73,70;73,70;73,70;73,69;73,70;73,69;627,0472214;2508,81;199258026;Ensemble method: Subspace;;;;;;;;;;;
11,5;Ensemble;RUSBoosted Trees;78,41;7460;78,72;1839;21,59;80,16;78,41;80,16;78,41;78,41;78,41;78,26;78,41;78,26;21,28;81,12;78,72;81,12;78,72;78,72;78,72;78,33;78,72;78,33;44593,85335;98,08;483942;Ensemble method: RUSBoost;;;;;;;;;;;
12,1;Neural Network;Narrow Neural Network;99,87;45;99,80;17;0,13;99,87;99,87;99,87;99,87;99,87;99,87;99,87;99,87;99,87;0,20;99,80;99,80;99,80;99,80;99,80;99,80;99,80;99,80;99,80;146509,7114;256,19;15409;Number of fully connected layers: 1;;;;;;;;;;;
12,2;Neural Network;Medium Neural Network;99,90;36;99,87;11;0,10;99,90;99,90;99,90;99,90;99,90;99,90;99,90;99,90;99,90;0,13;99,87;99,87;99,87;99,87;99,87;99,87;99,87;99,87;99,87;137140,7347;100,45;21049;Number of fully connected layers: 1;;;;;;;;;;;
12,3;Neural Network;Wide Neural Network;99,91;30;99,88;10;0,09;99,91;99,91;99,91;99,91;99,91;99,91;99,91;99,91;99,91;0,12;99,88;99,88;99,88;99,88;99,88;99,88;99,88;99,88;99,88;122108,664;336,56;49249;Number of fully connected layers: 1;;;;;;;;;;;
12,4;Neural Network;Bilayered Neural Network;99,80;68;99,77;20;0,20;99,80;99,80;99,80;99,80;99,80;99,80;99,80;99,80;99,80;0,23;99,77;99,77;99,77;99,77;99,77;99,77;99,77;99,77;99,77;141056,2731;311,83;17181;Number of fully connected layers: 2;;;;;;;;;;;
12,5;Neural Network;Trilayered Neural Network;99,79;73;99,77;20;0,21;99,79;99,79;99,79;99,79;99,79;99,79;99,79;99,79;99,79;0,23;99,77;99,77;99,77;99,77;99,77;99,77;99,77;99,77;99,77;172028,8805;301,26;18953;Number of fully connected layers: 3;;;;;;;;;;;
